<?xml version="1.0" encoding="UTF-8"?>
<!-- Product Version: Vivado v2015.2 (64-bit)                     -->
<!--                                                              -->
<!-- Copyright 1986-2015 Xilinx, Inc. All Rights Reserved.        -->

<hwsession version="1" minor="1">
  <device name="xc7z020_1" gui_info="dashboard1=hw_vios[xc7z020_1/hw_vio_1=VIO_PROBES_1;]"/>
  <ObjectList object_type="hw_device" gui_info="">
    <Object name="xc7z020_1" gui_info="">
      <Properties Property="PROBES.FILE" value="$_project_name_.runs/impl_1/debug_nets.ltx"/>
      <Properties Property="PROGRAM.HW_BITSTREAM" value="$_project_name_.runs/impl_1/pdatapath_top.bit"/>
    </Object>
  </ObjectList>
  <ObjectList object_type="hw_probe" gui_info="">
    <Object name="&lt;const0>" gui_info="hw_vios/hw_vio_1=0"/>
    <Object name="&lt;const0>_1" gui_info="hw_vios/hw_vio_1=1"/>
    <Object name="&lt;const0>_10" gui_info="hw_vios/hw_vio_1=10"/>
    <Object name="&lt;const0>_11" gui_info="hw_vios/hw_vio_1=11"/>
    <Object name="&lt;const0>_2" gui_info="hw_vios/hw_vio_1=2"/>
    <Object name="&lt;const0>_3" gui_info="hw_vios/hw_vio_1=3"/>
    <Object name="&lt;const0>_4" gui_info="hw_vios/hw_vio_1=4"/>
    <Object name="&lt;const0>_5" gui_info="hw_vios/hw_vio_1=5"/>
    <Object name="&lt;const0>_6" gui_info="hw_vios/hw_vio_1=6"/>
    <Object name="&lt;const0>_7" gui_info="hw_vios/hw_vio_1=7"/>
    <Object name="&lt;const0>_8" gui_info="hw_vios/hw_vio_1=8"/>
    <Object name="&lt;const0>_9" gui_info="hw_vios/hw_vio_1=9"/>
    <Object name="ALUOp[2:0]" gui_info="hw_vios/hw_vio_1=6"/>
    <Object name="ALUSrc1" gui_info="hw_vios/hw_vio_1=7"/>
    <Object name="ALUSrc2" gui_info="hw_vios/hw_vio_1=8"/>
    <Object name="MemWrite" gui_info="hw_vios/hw_vio_1=11"/>
    <Object name="MemtoReg" gui_info="hw_vios/hw_vio_1=10"/>
    <Object name="RegWrite" gui_info="hw_vios/hw_vio_1=18"/>
    <Object name="alu_1st_input[7:0]" gui_info="hw_vios/hw_vio_1=1"/>
    <Object name="alu_2nd_input[7:0]" gui_info="hw_vios/hw_vio_1=2"/>
    <Object name="alu_2nd_input_vio[7:0]" gui_info="hw_vios/hw_vio_1=3"/>
    <Object name="alu_output[7:0]" gui_info="hw_vios/hw_vio_1=0"/>
    <Object name="alu_ovf_flag" gui_info="hw_vios/hw_vio_1=4"/>
    <Object name="alu_take_branch_output" gui_info="hw_vios/hw_vio_1=5"/>
    <Object name="data_mem_out[8:0]" gui_info="hw_vios/hw_vio_1=9"/>
    <Object name="read_data1[7:0]" gui_info="hw_vios/hw_vio_1=12"/>
    <Object name="read_data2[7:0]" gui_info="hw_vios/hw_vio_1=13"/>
    <Object name="regfile_read_address1[1:0]" gui_info="hw_vios/hw_vio_1=14"/>
    <Object name="regfile_read_address1_1[1:0]" gui_info="hw_vios/hw_vio_1=24"/>
    <Object name="regfile_read_address2[1:0]" gui_info="hw_vios/hw_vio_1=15"/>
    <Object name="regfile_read_address2_1[1:0]" gui_info="hw_vios/hw_vio_1=26"/>
    <Object name="regfile_write_address[1:0]" gui_info="hw_vios/hw_vio_1=16"/>
    <Object name="regfile_write_data[8:0]" gui_info="hw_vios/hw_vio_1=17"/>
  </ObjectList>
  <probeset name="hw project" active="false">
    <probe type="vio_input" busType="net" source="netlist" spec="VIO_INPUT_V2_RT">
      <probeOptions Id="DebugProbeParams">
        <Option Id="ACTIVITY_PERSISTENCE" value="SHORT"/>
        <Option Id="DISPLAY_HINT" value=""/>
        <Option Id="DISPLAY_VISIBILITY" value=""/>
        <Option Id="HW_VIO" value="hw_vio_1"/>
        <Option Id="INPUT_VALUE_RADIX" value="BINARY"/>
        <Option Id="NAME.CUSTOM" value=""/>
        <Option Id="NAME.SELECT" value="Long"/>
      </probeOptions>
      <nets>
        <net name="&lt;const0>"/>
      </nets>
    </probe>
    <probe type="vio_input" busType="net" source="netlist" spec="VIO_INPUT_V2_RT">
      <probeOptions Id="DebugProbeParams">
        <Option Id="ACTIVITY_PERSISTENCE" value="SHORT"/>
        <Option Id="DISPLAY_HINT" value=""/>
        <Option Id="DISPLAY_VISIBILITY" value=""/>
        <Option Id="HW_VIO" value="hw_vio_1"/>
        <Option Id="INPUT_VALUE_RADIX" value="BINARY"/>
        <Option Id="NAME.CUSTOM" value=""/>
        <Option Id="NAME.SELECT" value="Long"/>
      </probeOptions>
      <nets>
        <net name="&lt;const0>_1"/>
      </nets>
    </probe>
    <probe type="vio_input" busType="net" source="netlist" spec="VIO_INPUT_V2_RT">
      <probeOptions Id="DebugProbeParams">
        <Option Id="ACTIVITY_PERSISTENCE" value="SHORT"/>
        <Option Id="DISPLAY_HINT" value=""/>
        <Option Id="DISPLAY_VISIBILITY" value=""/>
        <Option Id="HW_VIO" value="hw_vio_1"/>
        <Option Id="INPUT_VALUE_RADIX" value="BINARY"/>
        <Option Id="NAME.CUSTOM" value=""/>
        <Option Id="NAME.SELECT" value="Long"/>
      </probeOptions>
      <nets>
        <net name="&lt;const0>_10"/>
      </nets>
    </probe>
    <probe type="vio_input" busType="net" source="netlist" spec="VIO_INPUT_V2_RT">
      <probeOptions Id="DebugProbeParams">
        <Option Id="ACTIVITY_PERSISTENCE" value="SHORT"/>
        <Option Id="DISPLAY_HINT" value=""/>
        <Option Id="DISPLAY_VISIBILITY" value=""/>
        <Option Id="HW_VIO" value="hw_vio_1"/>
        <Option Id="INPUT_VALUE_RADIX" value="BINARY"/>
        <Option Id="NAME.CUSTOM" value=""/>
        <Option Id="NAME.SELECT" value="Long"/>
      </probeOptions>
      <nets>
        <net name="&lt;const0>_11"/>
      </nets>
    </probe>
    <probe type="vio_input" busType="net" source="netlist" spec="VIO_INPUT_V2_RT">
      <probeOptions Id="DebugProbeParams">
        <Option Id="ACTIVITY_PERSISTENCE" value="SHORT"/>
        <Option Id="DISPLAY_HINT" value=""/>
        <Option Id="DISPLAY_VISIBILITY" value=""/>
        <Option Id="HW_VIO" value="hw_vio_1"/>
        <Option Id="INPUT_VALUE_RADIX" value="BINARY"/>
        <Option Id="NAME.CUSTOM" value=""/>
        <Option Id="NAME.SELECT" value="Long"/>
      </probeOptions>
      <nets>
        <net name="&lt;const0>_2"/>
      </nets>
    </probe>
    <probe type="vio_input" busType="net" source="netlist" spec="VIO_INPUT_V2_RT">
      <probeOptions Id="DebugProbeParams">
        <Option Id="ACTIVITY_PERSISTENCE" value="SHORT"/>
        <Option Id="DISPLAY_HINT" value=""/>
        <Option Id="DISPLAY_VISIBILITY" value=""/>
        <Option Id="HW_VIO" value="hw_vio_1"/>
        <Option Id="INPUT_VALUE_RADIX" value="BINARY"/>
        <Option Id="NAME.CUSTOM" value=""/>
        <Option Id="NAME.SELECT" value="Long"/>
      </probeOptions>
      <nets>
        <net name="&lt;const0>_3"/>
      </nets>
    </probe>
    <probe type="vio_input" busType="net" source="netlist" spec="VIO_INPUT_V2_RT">
      <probeOptions Id="DebugProbeParams">
        <Option Id="ACTIVITY_PERSISTENCE" value="SHORT"/>
        <Option Id="DISPLAY_HINT" value=""/>
        <Option Id="DISPLAY_VISIBILITY" value=""/>
        <Option Id="HW_VIO" value="hw_vio_1"/>
        <Option Id="INPUT_VALUE_RADIX" value="BINARY"/>
        <Option Id="NAME.CUSTOM" value=""/>
        <Option Id="NAME.SELECT" value="Long"/>
      </probeOptions>
      <nets>
        <net name="&lt;const0>_4"/>
      </nets>
    </probe>
    <probe type="vio_input" busType="net" source="netlist" spec="VIO_INPUT_V2_RT">
      <probeOptions Id="DebugProbeParams">
        <Option Id="ACTIVITY_PERSISTENCE" value="SHORT"/>
        <Option Id="DISPLAY_HINT" value=""/>
        <Option Id="DISPLAY_VISIBILITY" value=""/>
        <Option Id="HW_VIO" value="hw_vio_1"/>
        <Option Id="INPUT_VALUE_RADIX" value="BINARY"/>
        <Option Id="NAME.CUSTOM" value=""/>
        <Option Id="NAME.SELECT" value="Long"/>
      </probeOptions>
      <nets>
        <net name="&lt;const0>_5"/>
      </nets>
    </probe>
    <probe type="vio_input" busType="net" source="netlist" spec="VIO_INPUT_V2_RT">
      <probeOptions Id="DebugProbeParams">
        <Option Id="ACTIVITY_PERSISTENCE" value="SHORT"/>
        <Option Id="DISPLAY_HINT" value=""/>
        <Option Id="DISPLAY_VISIBILITY" value=""/>
        <Option Id="HW_VIO" value="hw_vio_1"/>
        <Option Id="INPUT_VALUE_RADIX" value="BINARY"/>
        <Option Id="NAME.CUSTOM" value=""/>
        <Option Id="NAME.SELECT" value="Long"/>
      </probeOptions>
      <nets>
        <net name="&lt;const0>_6"/>
      </nets>
    </probe>
    <probe type="vio_input" busType="net" source="netlist" spec="VIO_INPUT_V2_RT">
      <probeOptions Id="DebugProbeParams">
        <Option Id="ACTIVITY_PERSISTENCE" value="SHORT"/>
        <Option Id="DISPLAY_HINT" value=""/>
        <Option Id="DISPLAY_VISIBILITY" value=""/>
        <Option Id="HW_VIO" value="hw_vio_1"/>
        <Option Id="INPUT_VALUE_RADIX" value="BINARY"/>
        <Option Id="NAME.CUSTOM" value=""/>
        <Option Id="NAME.SELECT" value="Long"/>
      </probeOptions>
      <nets>
        <net name="&lt;const0>_7"/>
      </nets>
    </probe>
    <probe type="vio_input" busType="net" source="netlist" spec="VIO_INPUT_V2_RT">
      <probeOptions Id="DebugProbeParams">
        <Option Id="ACTIVITY_PERSISTENCE" value="SHORT"/>
        <Option Id="DISPLAY_HINT" value=""/>
        <Option Id="DISPLAY_VISIBILITY" value=""/>
        <Option Id="HW_VIO" value="hw_vio_1"/>
        <Option Id="INPUT_VALUE_RADIX" value="BINARY"/>
        <Option Id="NAME.CUSTOM" value=""/>
        <Option Id="NAME.SELECT" value="Long"/>
      </probeOptions>
      <nets>
        <net name="&lt;const0>_8"/>
      </nets>
    </probe>
    <probe type="vio_input" busType="net" source="netlist" spec="VIO_INPUT_V2_RT">
      <probeOptions Id="DebugProbeParams">
        <Option Id="ACTIVITY_PERSISTENCE" value="SHORT"/>
        <Option Id="DISPLAY_HINT" value=""/>
        <Option Id="DISPLAY_VISIBILITY" value=""/>
        <Option Id="HW_VIO" value="hw_vio_1"/>
        <Option Id="INPUT_VALUE_RADIX" value="BINARY"/>
        <Option Id="NAME.CUSTOM" value=""/>
        <Option Id="NAME.SELECT" value="Long"/>
      </probeOptions>
      <nets>
        <net name="&lt;const0>_9"/>
      </nets>
    </probe>
    <probe type="vio_input" busType="bus" source="netlist" spec="VIO_INPUT_V2_RT">
      <probeOptions Id="DebugProbeParams">
        <Option Id="ACTIVITY_PERSISTENCE" value="SHORT"/>
        <Option Id="DISPLAY_HINT" value=""/>
        <Option Id="DISPLAY_VISIBILITY" value=""/>
        <Option Id="HW_VIO" value="hw_vio_1"/>
        <Option Id="INPUT_VALUE_RADIX" value="HEX"/>
        <Option Id="NAME.CUSTOM" value=""/>
        <Option Id="NAME.SELECT" value="Long"/>
      </probeOptions>
      <nets>
        <net name="alu_1st_input[7]"/>
        <net name="alu_1st_input[6]"/>
        <net name="alu_1st_input[5]"/>
        <net name="alu_1st_input[4]"/>
        <net name="alu_1st_input[3]"/>
        <net name="alu_1st_input[2]"/>
        <net name="alu_1st_input[1]"/>
        <net name="alu_1st_input[0]"/>
      </nets>
    </probe>
    <probe type="vio_input" busType="bus" source="netlist" spec="VIO_INPUT_V2_RT">
      <probeOptions Id="DebugProbeParams">
        <Option Id="ACTIVITY_PERSISTENCE" value="SHORT"/>
        <Option Id="DISPLAY_HINT" value=""/>
        <Option Id="DISPLAY_VISIBILITY" value=""/>
        <Option Id="HW_VIO" value="hw_vio_1"/>
        <Option Id="INPUT_VALUE_RADIX" value="HEX"/>
        <Option Id="NAME.CUSTOM" value=""/>
        <Option Id="NAME.SELECT" value="Long"/>
      </probeOptions>
      <nets>
        <net name="alu_2nd_input[7]"/>
        <net name="alu_2nd_input[6]"/>
        <net name="alu_2nd_input[5]"/>
        <net name="alu_2nd_input[4]"/>
        <net name="alu_2nd_input[3]"/>
        <net name="alu_2nd_input[2]"/>
        <net name="alu_2nd_input[1]"/>
        <net name="alu_2nd_input[0]"/>
      </nets>
    </probe>
    <probe type="vio_input" busType="bus" source="netlist" spec="VIO_INPUT_V2_RT">
      <probeOptions Id="DebugProbeParams">
        <Option Id="ACTIVITY_PERSISTENCE" value="SHORT"/>
        <Option Id="DISPLAY_HINT" value=""/>
        <Option Id="DISPLAY_VISIBILITY" value=""/>
        <Option Id="HW_VIO" value="hw_vio_1"/>
        <Option Id="INPUT_VALUE_RADIX" value="HEX"/>
        <Option Id="NAME.CUSTOM" value=""/>
        <Option Id="NAME.SELECT" value="Long"/>
      </probeOptions>
      <nets>
        <net name="alu_output[7]"/>
        <net name="alu_output[6]"/>
        <net name="alu_output[5]"/>
        <net name="alu_output[4]"/>
        <net name="alu_output[3]"/>
        <net name="alu_output[2]"/>
        <net name="alu_output[1]"/>
        <net name="alu_output[0]"/>
      </nets>
    </probe>
    <probe type="vio_input" busType="net" source="netlist" spec="VIO_INPUT_V2_RT">
      <probeOptions Id="DebugProbeParams">
        <Option Id="ACTIVITY_PERSISTENCE" value="SHORT"/>
        <Option Id="DISPLAY_HINT" value=""/>
        <Option Id="DISPLAY_VISIBILITY" value=""/>
        <Option Id="HW_VIO" value="hw_vio_1"/>
        <Option Id="INPUT_VALUE_RADIX" value="BINARY"/>
        <Option Id="NAME.CUSTOM" value=""/>
        <Option Id="NAME.SELECT" value="Long"/>
      </probeOptions>
      <nets>
        <net name="alu_ovf_flag"/>
      </nets>
    </probe>
    <probe type="vio_input" busType="net" source="netlist" spec="VIO_INPUT_V2_RT">
      <probeOptions Id="DebugProbeParams">
        <Option Id="ACTIVITY_PERSISTENCE" value="SHORT"/>
        <Option Id="DISPLAY_HINT" value=""/>
        <Option Id="DISPLAY_VISIBILITY" value=""/>
        <Option Id="HW_VIO" value="hw_vio_1"/>
        <Option Id="INPUT_VALUE_RADIX" value="BINARY"/>
        <Option Id="NAME.CUSTOM" value=""/>
        <Option Id="NAME.SELECT" value="Long"/>
      </probeOptions>
      <nets>
        <net name="alu_take_branch_output"/>
      </nets>
    </probe>
    <probe type="vio_input" busType="bus" source="netlist" spec="VIO_INPUT_V2_RT">
      <probeOptions Id="DebugProbeParams">
        <Option Id="ACTIVITY_PERSISTENCE" value="SHORT"/>
        <Option Id="DISPLAY_HINT" value=""/>
        <Option Id="DISPLAY_VISIBILITY" value=""/>
        <Option Id="HW_VIO" value="hw_vio_1"/>
        <Option Id="INPUT_VALUE_RADIX" value="HEX"/>
        <Option Id="NAME.CUSTOM" value=""/>
        <Option Id="NAME.SELECT" value="Long"/>
      </probeOptions>
      <nets>
        <net name="data_mem_out[8]"/>
        <net name="data_mem_out[7]"/>
        <net name="data_mem_out[6]"/>
        <net name="data_mem_out[5]"/>
        <net name="data_mem_out[4]"/>
        <net name="data_mem_out[3]"/>
        <net name="data_mem_out[2]"/>
        <net name="data_mem_out[1]"/>
        <net name="data_mem_out[0]"/>
      </nets>
    </probe>
    <probe type="vio_input" busType="bus" source="netlist" spec="VIO_INPUT_V2_RT">
      <probeOptions Id="DebugProbeParams">
        <Option Id="ACTIVITY_PERSISTENCE" value="SHORT"/>
        <Option Id="DISPLAY_HINT" value=""/>
        <Option Id="DISPLAY_VISIBILITY" value=""/>
        <Option Id="HW_VIO" value="hw_vio_1"/>
        <Option Id="INPUT_VALUE_RADIX" value="HEX"/>
        <Option Id="NAME.CUSTOM" value=""/>
        <Option Id="NAME.SELECT" value="Long"/>
      </probeOptions>
      <nets>
        <net name="read_data1[7]"/>
        <net name="read_data1[6]"/>
        <net name="read_data1[5]"/>
        <net name="read_data1[4]"/>
        <net name="read_data1[3]"/>
        <net name="read_data1[2]"/>
        <net name="read_data1[1]"/>
        <net name="read_data1[0]"/>
      </nets>
    </probe>
    <probe type="vio_input" busType="bus" source="netlist" spec="VIO_INPUT_V2_RT">
      <probeOptions Id="DebugProbeParams">
        <Option Id="ACTIVITY_PERSISTENCE" value="SHORT"/>
        <Option Id="DISPLAY_HINT" value=""/>
        <Option Id="DISPLAY_VISIBILITY" value=""/>
        <Option Id="HW_VIO" value="hw_vio_1"/>
        <Option Id="INPUT_VALUE_RADIX" value="HEX"/>
        <Option Id="NAME.CUSTOM" value=""/>
        <Option Id="NAME.SELECT" value="Long"/>
      </probeOptions>
      <nets>
        <net name="read_data2[7]"/>
        <net name="read_data2[6]"/>
        <net name="read_data2[5]"/>
        <net name="read_data2[4]"/>
        <net name="read_data2[3]"/>
        <net name="read_data2[2]"/>
        <net name="read_data2[1]"/>
        <net name="read_data2[0]"/>
      </nets>
    </probe>
    <probe type="vio_input" busType="net" source="netlist" spec="VIO_INPUT_V2_RT">
      <probeOptions Id="DebugProbeParams">
        <Option Id="ACTIVITY_PERSISTENCE" value="SHORT"/>
        <Option Id="DISPLAY_HINT" value=""/>
        <Option Id="DISPLAY_VISIBILITY" value=""/>
        <Option Id="HW_VIO" value="hw_vio_1"/>
        <Option Id="INPUT_VALUE_RADIX" value="HEX"/>
        <Option Id="NAME.CUSTOM" value=""/>
        <Option Id="NAME.SELECT" value="Long"/>
      </probeOptions>
      <nets>
        <net name="regfile_read_address1_1[1]"/>
        <net name="regfile_read_address1_1[0]"/>
      </nets>
    </probe>
    <probe type="vio_input" busType="net" source="netlist" spec="VIO_INPUT_V2_RT">
      <probeOptions Id="DebugProbeParams">
        <Option Id="ACTIVITY_PERSISTENCE" value="SHORT"/>
        <Option Id="DISPLAY_HINT" value=""/>
        <Option Id="DISPLAY_VISIBILITY" value=""/>
        <Option Id="HW_VIO" value="hw_vio_1"/>
        <Option Id="INPUT_VALUE_RADIX" value="HEX"/>
        <Option Id="NAME.CUSTOM" value=""/>
        <Option Id="NAME.SELECT" value="Long"/>
      </probeOptions>
      <nets>
        <net name="regfile_read_address2_1[1]"/>
        <net name="regfile_read_address2_1[0]"/>
      </nets>
    </probe>
    <probe type="vio_input" busType="bus" source="netlist" spec="VIO_INPUT_V2_RT">
      <probeOptions Id="DebugProbeParams">
        <Option Id="ACTIVITY_PERSISTENCE" value="SHORT"/>
        <Option Id="DISPLAY_HINT" value=""/>
        <Option Id="DISPLAY_VISIBILITY" value=""/>
        <Option Id="HW_VIO" value="hw_vio_1"/>
        <Option Id="INPUT_VALUE_RADIX" value="HEX"/>
        <Option Id="NAME.CUSTOM" value=""/>
        <Option Id="NAME.SELECT" value="Long"/>
      </probeOptions>
      <nets>
        <net name="regfile_write_data[8]"/>
        <net name="regfile_write_data[7]"/>
        <net name="regfile_write_data[6]"/>
        <net name="regfile_write_data[5]"/>
        <net name="regfile_write_data[4]"/>
        <net name="regfile_write_data[3]"/>
        <net name="regfile_write_data[2]"/>
        <net name="regfile_write_data[1]"/>
        <net name="regfile_write_data[0]"/>
      </nets>
    </probe>
    <probe type="vio_output" busType="bus" source="netlist" spec="VIO_OUTPUT_V2_RT">
      <probeOptions Id="DebugProbeParams">
        <Option Id="DISPLAY_HINT" value=""/>
        <Option Id="DISPLAY_VISIBILITY" value=""/>
        <Option Id="HW_VIO" value="hw_vio_1"/>
        <Option Id="NAME.CUSTOM" value=""/>
        <Option Id="NAME.SELECT" value="Long"/>
        <Option Id="OUTPUT_VALUE" value="1"/>
        <Option Id="OUTPUT_VALUE_RADIX" value="HEX"/>
      </probeOptions>
      <nets>
        <net name="ALUOp[2]"/>
        <net name="ALUOp[1]"/>
        <net name="ALUOp[0]"/>
      </nets>
    </probe>
    <probe type="vio_output" busType="net" source="netlist" spec="VIO_OUTPUT_V2_RT">
      <probeOptions Id="DebugProbeParams">
        <Option Id="DISPLAY_HINT" value=""/>
        <Option Id="DISPLAY_VISIBILITY" value=""/>
        <Option Id="HW_VIO" value="hw_vio_1"/>
        <Option Id="NAME.CUSTOM" value=""/>
        <Option Id="NAME.SELECT" value="Long"/>
        <Option Id="OUTPUT_VALUE" value="0"/>
        <Option Id="OUTPUT_VALUE_RADIX" value="BINARY"/>
      </probeOptions>
      <nets>
        <net name="ALUSrc1"/>
      </nets>
    </probe>
    <probe type="vio_output" busType="net" source="netlist" spec="VIO_OUTPUT_V2_RT">
      <probeOptions Id="DebugProbeParams">
        <Option Id="DISPLAY_HINT" value=""/>
        <Option Id="DISPLAY_VISIBILITY" value=""/>
        <Option Id="HW_VIO" value="hw_vio_1"/>
        <Option Id="NAME.CUSTOM" value=""/>
        <Option Id="NAME.SELECT" value="Long"/>
        <Option Id="OUTPUT_VALUE" value="0"/>
        <Option Id="OUTPUT_VALUE_RADIX" value="BINARY"/>
      </probeOptions>
      <nets>
        <net name="ALUSrc2"/>
      </nets>
    </probe>
    <probe type="vio_output" busType="net" source="netlist" spec="VIO_OUTPUT_V2_RT">
      <probeOptions Id="DebugProbeParams">
        <Option Id="DISPLAY_HINT" value=""/>
        <Option Id="DISPLAY_VISIBILITY" value=""/>
        <Option Id="HW_VIO" value="hw_vio_1"/>
        <Option Id="NAME.CUSTOM" value=""/>
        <Option Id="NAME.SELECT" value="Long"/>
        <Option Id="OUTPUT_VALUE" value="0"/>
        <Option Id="OUTPUT_VALUE_RADIX" value="BINARY"/>
      </probeOptions>
      <nets>
        <net name="MemWrite"/>
      </nets>
    </probe>
    <probe type="vio_output" busType="net" source="netlist" spec="VIO_OUTPUT_V2_RT">
      <probeOptions Id="DebugProbeParams">
        <Option Id="DISPLAY_HINT" value=""/>
        <Option Id="DISPLAY_VISIBILITY" value=""/>
        <Option Id="HW_VIO" value="hw_vio_1"/>
        <Option Id="NAME.CUSTOM" value=""/>
        <Option Id="NAME.SELECT" value="Long"/>
        <Option Id="OUTPUT_VALUE" value="0"/>
        <Option Id="OUTPUT_VALUE_RADIX" value="BINARY"/>
      </probeOptions>
      <nets>
        <net name="MemtoReg"/>
      </nets>
    </probe>
    <probe type="vio_output" busType="net" source="netlist" spec="VIO_OUTPUT_V2_RT">
      <probeOptions Id="DebugProbeParams">
        <Option Id="DISPLAY_HINT" value=""/>
        <Option Id="DISPLAY_VISIBILITY" value=""/>
        <Option Id="HW_VIO" value="hw_vio_1"/>
        <Option Id="NAME.CUSTOM" value=""/>
        <Option Id="NAME.SELECT" value="Long"/>
        <Option Id="OUTPUT_VALUE" value="0"/>
        <Option Id="OUTPUT_VALUE_RADIX" value="BINARY"/>
      </probeOptions>
      <nets>
        <net name="RegWrite"/>
      </nets>
    </probe>
    <probe type="vio_output" busType="bus" source="netlist" spec="VIO_OUTPUT_V2_RT">
      <probeOptions Id="DebugProbeParams">
        <Option Id="DISPLAY_HINT" value=""/>
        <Option Id="DISPLAY_VISIBILITY" value=""/>
        <Option Id="HW_VIO" value="hw_vio_1"/>
        <Option Id="NAME.CUSTOM" value=""/>
        <Option Id="NAME.SELECT" value="Long"/>
        <Option Id="OUTPUT_VALUE" value="00"/>
        <Option Id="OUTPUT_VALUE_RADIX" value="HEX"/>
      </probeOptions>
      <nets>
        <net name="alu_2nd_input_vio[7]"/>
        <net name="alu_2nd_input_vio[6]"/>
        <net name="alu_2nd_input_vio[5]"/>
        <net name="alu_2nd_input_vio[4]"/>
        <net name="alu_2nd_input_vio[3]"/>
        <net name="alu_2nd_input_vio[2]"/>
        <net name="alu_2nd_input_vio[1]"/>
        <net name="alu_2nd_input_vio[0]"/>
      </nets>
    </probe>
    <probe type="vio_output" busType="bus" source="netlist" spec="VIO_OUTPUT_V2_RT">
      <probeOptions Id="DebugProbeParams">
        <Option Id="DISPLAY_HINT" value=""/>
        <Option Id="DISPLAY_VISIBILITY" value=""/>
        <Option Id="HW_VIO" value="hw_vio_1"/>
        <Option Id="NAME.CUSTOM" value=""/>
        <Option Id="NAME.SELECT" value="Long"/>
        <Option Id="OUTPUT_VALUE" value="2"/>
        <Option Id="OUTPUT_VALUE_RADIX" value="HEX"/>
      </probeOptions>
      <nets>
        <net name="regfile_read_address1[1]"/>
        <net name="regfile_read_address1[0]"/>
      </nets>
    </probe>
    <probe type="vio_output" busType="bus" source="netlist" spec="VIO_OUTPUT_V2_RT">
      <probeOptions Id="DebugProbeParams">
        <Option Id="DISPLAY_HINT" value=""/>
        <Option Id="DISPLAY_VISIBILITY" value=""/>
        <Option Id="HW_VIO" value="hw_vio_1"/>
        <Option Id="NAME.CUSTOM" value=""/>
        <Option Id="NAME.SELECT" value="Long"/>
        <Option Id="OUTPUT_VALUE" value="3"/>
        <Option Id="OUTPUT_VALUE_RADIX" value="HEX"/>
      </probeOptions>
      <nets>
        <net name="regfile_read_address2[1]"/>
        <net name="regfile_read_address2[0]"/>
      </nets>
    </probe>
    <probe type="vio_output" busType="bus" source="netlist" spec="VIO_OUTPUT_V2_RT">
      <probeOptions Id="DebugProbeParams">
        <Option Id="DISPLAY_HINT" value=""/>
        <Option Id="DISPLAY_VISIBILITY" value=""/>
        <Option Id="HW_VIO" value="hw_vio_1"/>
        <Option Id="NAME.CUSTOM" value=""/>
        <Option Id="NAME.SELECT" value="Long"/>
        <Option Id="OUTPUT_VALUE" value="2"/>
        <Option Id="OUTPUT_VALUE_RADIX" value="HEX"/>
      </probeOptions>
      <nets>
        <net name="regfile_write_address[1]"/>
        <net name="regfile_write_address[0]"/>
      </nets>
    </probe>
  </probeset>
</hwsession>
