<?xml version="1.0" encoding="UTF-8"?>
<GenRun Id="impl_1" LaunchPart="xc7z020clg484-1" LaunchTime="1518551165">
  <File Type="OPT-DCP" Name="alu_regfile_vio_top_opt.dcp"/>
  <File Type="RUN-CONSTRS" Name="$PDATADIR/runs/impl_1/constrs_in.xml"/>
  <File Type="RUN-SRCS" Name="$PDATADIR/runs/impl_1/sources.xml"/>
  <File Type="PWROPT-DCP" Name="alu_regfile_vio_top_pwropt.dcp"/>
  <File Type="ROUTE-DCP" Name="alu_regfile_vio_top_routed.dcp"/>
  <File Type="PA-TCL" Name="alu_regfile_vio_top.tcl"/>
  <File Type="RUN-STRAT" Name="$PDATADIR/runs/impl_1/impl_1.psg"/>
  <File Type="OPT-DRC" Name="alu_regfile_vio_top_drc_opted.rpt"/>
  <File Type="PWROPT-DRC" Name="alu_regfile_vio_top_drc_pwropted.rpt"/>
  <File Type="OPT-HWDEF" Name="alu_regfile_vio_top.hwdef"/>
  <File Type="PLACE-DCP" Name="alu_regfile_vio_top_placed.dcp"/>
  <File Type="PLACE-IO" Name="alu_regfile_vio_top_io_placed.rpt"/>
  <File Type="PLACE-CLK" Name="alu_regfile_vio_top_clock_utilization_placed.rpt"/>
  <File Type="PLACE-UTIL" Name="alu_regfile_vio_top_utilization_placed.rpt"/>
  <File Type="PLACE-UTIL-PB" Name="alu_regfile_vio_top_utilization_placed.pb"/>
  <File Type="PLACE-CTRL" Name="alu_regfile_vio_top_control_sets_placed.rpt"/>
  <File Type="PLACE-SIMILARITY" Name="alu_regfile_vio_top_incremental_reuse_placed.rpt"/>
  <File Type="PLACE-PRE-SIMILARITY" Name="alu_regfile_vio_top_incremental_reuse_pre_placed.rpt"/>
  <File Type="POSTPLACE-PWROPT-DCP" Name="alu_regfile_vio_top_postplace_pwropt.dcp"/>
  <File Type="PHYSOPT-DCP" Name="alu_regfile_vio_top_physopt.dcp"/>
  <File Type="RDI-RDI" Name="alu_regfile_vio_top.vdi"/>
  <File Type="PHYSOPT-DRC" Name="alu_regfile_vio_top_drc_physopted.rpt"/>
  <File Type="ROUTE-DRC" Name="alu_regfile_vio_top_drc_routed.rpt"/>
  <File Type="ROUTE-DRC-PB" Name="alu_regfile_vio_top_drc_routed.pb"/>
  <File Type="ROUTE-PWR" Name="alu_regfile_vio_top_power_routed.rpt"/>
  <File Type="ROUTE-PWR-SUM" Name="alu_regfile_vio_top_power_summary_routed.pb"/>
  <File Type="ROUTE-STATUS" Name="alu_regfile_vio_top_route_status.rpt"/>
  <File Type="ROUTE-STATUS-PB" Name="alu_regfile_vio_top_route_status.pb"/>
  <File Type="ROUTE-TIMINGSUMMARY" Name="alu_regfile_vio_top_timing_summary_routed.rpt"/>
  <File Type="ROUTE-TIMING-PB" Name="alu_regfile_vio_top_timing_summary_routed.pb"/>
  <File Type="ROUTE-TIMING-RPX" Name="alu_regfile_vio_top_timing_summary_routed.rpx"/>
  <File Type="ROUTE-SIMILARITY" Name="alu_regfile_vio_top_incremental_reuse_routed.rpt"/>
  <File Type="ROUTE-CLK" Name="alu_regfile_vio_top_clock_utilization_routed.rpt"/>
  <File Type="POSTROUTE-PHYSOPT-DCP" Name="alu_regfile_vio_top_postroute_physopt.dcp"/>
  <File Type="POSTROUTE-PHYSOPT-TIMING" Name="alu_regfile_vio_top_timing_summary_postroute_physopted.rpt"/>
  <File Type="POSTROUTE-PHYSOPT-TIMING-PB" Name="alu_regfile_vio_top_timing_summary_postroute_physopted.pb"/>
  <File Type="POSTROUTE-PHYSOPT-TIMING-RPX" Name="alu_regfile_vio_top_timing_summary_postroute_physopted.rpx"/>
  <File Type="BG-BIT" Name="alu_regfile_vio_top.bit"/>
  <File Type="BG-BIN" Name="alu_regfile_vio_top.bin"/>
  <File Type="BITSTR-MSK" Name="alu_regfile_vio_top.msk"/>
  <File Type="BITSTR-RBT" Name="alu_regfile_vio_top.rbt"/>
  <File Type="BITSTR-NKY" Name="alu_regfile_vio_top.nky"/>
  <File Type="BITSTR-BMM" Name="alu_regfile_vio_top_bd.bmm"/>
  <File Type="BITSTR-MMI" Name="alu_regfile_vio_top.mmi"/>
  <File Type="BITSTR-SYSDEF" Name="alu_regfile_vio_top.sysdef"/>
  <File Type="BG-BGN" Name="alu_regfile_vio_top.bgn"/>
  <File Type="BG-DRC" Name="alu_regfile_vio_top.drc"/>
  <File Type="WBT-USG" Name="usage_statistics_webtalk.html"/>
  <FileSet Name="sources" Type="DesignSrcs" RelSrcDir="$PSRCDIR/sources_1">
    <Filter Type="Srcs"/>
    <File Path="$PPRDIR/../Desktop/OLED_source_files/HDLs/SIGNDET.vhd">
      <FileInfo>
        <Attr Name="UsedIn" Val="synthesis"/>
        <Attr Name="UsedIn" Val="simulation"/>
      </FileInfo>
    </File>
    <File Path="$PPRDIR/../Desktop/OLED_source_files/HDLs/BINBCD8.vhd">
      <FileInfo>
        <Attr Name="UsedIn" Val="synthesis"/>
        <Attr Name="UsedIn" Val="simulation"/>
      </FileInfo>
    </File>
    <File Path="$PPRDIR/../Desktop/OLED_source_files/HDLs/SpiCtrl.vhd">
      <FileInfo>
        <Attr Name="UsedIn" Val="synthesis"/>
        <Attr Name="UsedIn" Val="simulation"/>
      </FileInfo>
    </File>
    <File Path="$PPRDIR/../Desktop/OLED_source_files/HDLs/Delay.vhd">
      <FileInfo>
        <Attr Name="UsedIn" Val="synthesis"/>
        <Attr Name="UsedIn" Val="simulation"/>
      </FileInfo>
    </File>
    <File Path="$PSRCDIR/sources_1/new/reg_file.v">
      <FileInfo>
        <Attr Name="UsedIn" Val="synthesis"/>
        <Attr Name="UsedIn" Val="implementation"/>
        <Attr Name="UsedIn" Val="simulation"/>
      </FileInfo>
    </File>
    <File Path="$PSRCDIR/sources_1/new/eightbit_alu.v">
      <FileInfo>
        <Attr Name="UsedIn" Val="synthesis"/>
        <Attr Name="UsedIn" Val="implementation"/>
        <Attr Name="UsedIn" Val="simulation"/>
      </FileInfo>
    </File>
    <File Path="$PPRDIR/../Desktop/OLED_source_files/HDLs/OledExample.vhd">
      <FileInfo>
        <Attr Name="UsedIn" Val="synthesis"/>
        <Attr Name="UsedIn" Val="simulation"/>
      </FileInfo>
    </File>
    <File Path="$PPRDIR/../Desktop/OLED_source_files/HDLs/OledInit.vhd">
      <FileInfo>
        <Attr Name="UsedIn" Val="synthesis"/>
        <Attr Name="UsedIn" Val="simulation"/>
      </FileInfo>
    </File>
    <File Path="$PSRCDIR/sources_1/new/alu_regfile.v">
      <FileInfo>
        <Attr Name="UsedIn" Val="synthesis"/>
        <Attr Name="UsedIn" Val="implementation"/>
        <Attr Name="UsedIn" Val="simulation"/>
      </FileInfo>
    </File>
    <File Path="$PPRDIR/../Desktop/OLED_source_files/HDLs/PmodOLEDCtrl.vhd">
      <FileInfo>
        <Attr Name="UsedIn" Val="synthesis"/>
        <Attr Name="UsedIn" Val="simulation"/>
      </FileInfo>
    </File>
    <File Path="$PPRDIR/../Downloads/alu_regfile_vio_top(1).v">
      <FileInfo>
        <Attr Name="UsedIn" Val="synthesis"/>
        <Attr Name="UsedIn" Val="implementation"/>
        <Attr Name="UsedIn" Val="simulation"/>
      </FileInfo>
    </File>
    <File Path="$PPRDIR/../Desktop/OLED_source_files/IP_srcs/charLib.coe">
      <FileInfo>
        <Attr Name="UsedIn" Val="synthesis"/>
        <Attr Name="UsedIn" Val="simulation"/>
      </FileInfo>
    </File>
    <Config>
      <Option Name="DesignMode" Val="RTL"/>
      <Option Name="TopModule" Val="alu_regfile_vio_top"/>
      <Option Name="TopAutoSet" Val="TRUE"/>
    </Config>
  </FileSet>
  <FileSet Name="constrs_in" Type="Constrs" RelSrcDir="$PSRCDIR/constrs_1">
    <Filter Type="Constrs"/>
    <File Path="$PPRDIR/../Downloads/eightbit_alu_regfile(1).xdc">
      <FileInfo>
        <Attr Name="UsedIn" Val="synthesis"/>
        <Attr Name="UsedIn" Val="implementation"/>
      </FileInfo>
    </File>
    <Config>
      <Option Name="ConstrsType" Val="XDC"/>
    </Config>
  </FileSet>
  <Strategy Version="1" Minor="2">
    <StratHandle Name="Vivado Implementation Defaults" Flow="Vivado Implementation 2015">
      <Desc>Vivado Implementation Defaults</Desc>
    </StratHandle>
    <Step Id="init_design"/>
    <Step Id="opt_design"/>
    <Step Id="power_opt_design"/>
    <Step Id="place_design"/>
    <Step Id="post_place_power_opt_design"/>
    <Step Id="phys_opt_design"/>
    <Step Id="route_design"/>
    <Step Id="post_route_phys_opt_design"/>
    <Step Id="write_bitstream"/>
  </Strategy>
  <BlockFileSet Type="BlockSrcs" Name="charLib"/>
  <BlockFileSet Type="BlockSrcs" Name="vio_0"/>
</GenRun>
