<?xml version="1.0" encoding="UTF-8"?>
<GenRun Id="vio_0_synth_1" LaunchPart="xc7z020clg484-1" LaunchTime="1522776583">
  <File Type="RDS-DCP" Name="vio_0.dcp"/>
  <File Type="RUN-CONSTRS" Name="$PDATADIR/runs/vio_0_synth_1/constrs_in.xml"/>
  <File Type="RDS-UTIL-PB" Name="vio_0_utilization_synth.pb"/>
  <File Type="RUN-SRCS" Name="$PDATADIR/runs/vio_0_synth_1/sources.xml"/>
  <File Type="RDS-PROPCONSTRS" Name="vio_0_drc_synth.rpt"/>
  <File Type="PA-TCL" Name="vio_0.tcl"/>
  <File Type="RUN-STRAT" Name="$PDATADIR/runs/vio_0_synth_1/vio_0_synth_1.psg"/>
  <File Type="RDS-RDS" Name="vio_0.vds"/>
  <File Type="RDS-UTIL" Name="vio_0_utilization_synth.rpt"/>
  <File Type="VDS-TIMINGSUMMARY" Name="vio_0_timing_summary_synth.rpt"/>
  <File Type="VDS-TIMING-PB" Name="vio_0_timing_summary_synth.pb"/>
  <FileSet Name="sources" Type="BlockSrcs" RelSrcDir="$PSRCDIR/vio_0">
    <File Path="$PSRCDIR/sources_1/ip/vio_0/vio_0.xci">
      <FileInfo>
        <Attr Name="UsedIn" Val="synthesis"/>
        <Attr Name="UsedIn" Val="implementation"/>
        <Attr Name="UsedIn" Val="simulation"/>
      </FileInfo>
    </File>
    <Config>
      <Option Name="TopModule" Val="vio_0"/>
      <Option Name="UseBlackboxStub" Val="1"/>
    </Config>
  </FileSet>
  <FileSet Name="constrs_in" Type="BlockSrcs" RelSrcDir="$PSRCDIR/vio_0">
    <File Path="$PSRCDIR/sources_1/ip/vio_0/vio_0.xci">
      <FileInfo>
        <Attr Name="UsedIn" Val="synthesis"/>
        <Attr Name="UsedIn" Val="implementation"/>
        <Attr Name="UsedIn" Val="simulation"/>
      </FileInfo>
    </File>
    <Config>
      <Option Name="TopModule" Val="vio_0"/>
      <Option Name="UseBlackboxStub" Val="1"/>
    </Config>
  </FileSet>
  <Strategy Version="1" Minor="2">
    <StratHandle Name="Vivado Synthesis Defaults" Flow="Vivado Synthesis 2015">
      <Desc>Vivado Synthesis Defaults</Desc>
    </StratHandle>
    <Step Id="synth_design"/>
  </Strategy>
</GenRun>
